Frank Dai;soulmachine;Mountain View, CA
Carlos Toxtli;toxtli;United States , Mexico, Canada
Jon Schlinkert;jonschlinkert;Cincinnati, OH
Yanyi Wu;yanyiwu;Beijing,China
Peter Todd;petertodd;Toronto
Eric Zhang;qinix;Beijing, China
Jan Xie;janx;Hangzhou, China
Arnold Daniels;jasny;Amsterdam
KD Chang;kdchang;Taiwan, Taipei
Dominik Schiener;domschiener;Berlin, Germany
Alexandre Nicastro;AlexxNica;Unknown
W;Pana;Beijing, China
aelf;aelfio;Unknown
Liu-Cheng Xu;liuchengxu;Hangzhou, China
jollen chen;jollen;Taipei
Raghav Dua;duaraghav8;Unknown
Brian Woodward;doowb;Cincinnati, OH
Fabian Schuh;xeroc;Germany
Paulo Pires;paulohp;Belo Horizonte, Brasil
Richard Moore;ricmoo;Toronto, Canada
Theodore Dziuba;teddziuba;Placerville, CA
Karl Floersch;karlfloersch;Unknown
U-Zyn Chua;uzyn;Singapore
Snuggs;snuggs;On the Blockchain
Ramesh Nair;hiddentao;Earth
Harsh Vakharia;harshjv;Bengaluru
Adam M. Swanda;deadbits;D.C. Metro Area
Todsaporn Banjerdkit;katopz;Bangkok, Thailand
Ivan Kuznetsov;Jeiwan;Chiang Mai, Thailand
Sergej Müller;sergejmueller;Hamburg, Germany
Patrick Connolly;patcon;Waffles
Harry Moreno;morenoh149;New York, NY
Neblio Team;NeblioTeam;Unknown
Nguyen Sy Thanh Son;thanhson1085;Hanoi, Vietnam
Alexis Creuzot;kirualex;Rennes, France
Bob Lee;bleecoin;Seoul, NY
Francesco 'makevoid' Canessa;makevoid;London, UK
Will Binns;wbnns;Unknown
Victor Farazdagi;farazdagi;Unknown
Rando;5chdn;Unknown
Andrei;deiu;Paris, FR
Gabo Esquivel;gaboesquivel;Planet Earth
Gary Rowe;gary-rowe;UK
Jacob Gadikian;faddat;Unknown
Martin Barreto;mtnbarreto;Uruguay
Kristov Atlas;kristovatlas;United States
Pratyush Singh;singhpratyush;Gandhinagar, Gujarat, India
Jose Aguinaga;jjperezaguinaga;Europe
beenhero;beenhero;Hangzhou, China
Eduardo Nunes Pereira;eduardonunesp;Brazil / Curitiba
Phoenix;todofixthis;Auckland, New Zealand
James Florentino;jamesflorentino;Pasig, Philippines
Andy Chen;amazingandyyy;Bay Area
Shayan Eskandari;shayanb;Montreal, QC
Javed Khan;tuxcanfly;Hyperspace
Eric Liang;ericliang;Unknown
Daxeel Soni;daxeel;Ahmedabad, India
Igor Artamonov;splix;Unknown
Gwendolyn Faraday;gwenf;Indianapolis, IN
Weilun Xiong;Azard;Shanghai, China
Alessio Delmonti;Alexintosh;Amsterdam
Mamy Ratsimbazafy;mratsim;Paris
Francesco Soncina;phra;Amsterdam, NL
Sandeep Raju Prabhakar;sandeepraju;Silicon Valley, CA
Portia Burton;pkafei;Unknown
Kenny Meyer;kennym;Paraguay
steve withington;stevewithington;milwaukee, wi usa
Daniel Kmak;Kuzirashi;Cracow, Poland
Zach;zramsay;Guelph, ON
Mark Vayngrib;mvayngrib;New York and London
Badr bellaj;bellaj;Morocco
Dieter Shirley;dete;Vancouver, Canada
Isabella Dell;Isabello;Unknown
brad oyler;bradoyler;Philadelphia
Rebellious (REBL);RebelliousToken;Amsterdam
Hugo;hugo-dc;Guadalajara, Mexico
Davide Gessa;dakk;Sardegna
Valery Litvin;litvintech;cyber·Space
Doug Petkanics;dob;New York, NY
Oleg Akbarov;olegakbarov;Moscow
Nguyen Tien Si;mrsinguyen;Ho Chi Minh, Vietnam
Boris Mann;bmann;Vancouver, BC, Canada
Charles Jolley;charlesjolley;San Francisco, CA
Victor Baybekov;buybackoff;Internet
Hyojun Kim;therne;Seoul, Korea
Dan Hassan;dan-mi-sun;Melbourne (AUS), London (UK), Berlin (DE)
LowesYang;yyh1102;HangZhou,ZheJiang,China
Boris Povod;borispovod;Russia, Saint-Petersburg
Adam Buran;aburan28;Mountain View
Ayman Nedjmeddine;IOAyman;Algeria
Oliver Kiessler;okiess;Cologne, Germany
Deepak Karki;deepakkarki;Bangalore, India
ChanY;yoooong;GuangZhou  China
Ming-der Wang;mingderwang;Taipei, Taiwan
Narayan Prusty;narayanprusty;Dubai
Quinten De Swaef;Qkyrie;Belgium
Laszlo Levente Mári;laszlolm;Munich, Germany
Glenn Rempe;grempe;San Francisco, CA
zscorpio;zscorpio;Hangzhou
Andrew Dryga;AndrewDryga;Kiev, Ukraine
Kwame Bryan;KBryan;Toronto, Canada
Monty Anderson;montyanderson;Brighton, UK
Dirk Jäckel;biafra23;Berlin, Germany
Stephan Tual;stephantual;London, UK
Kristijan Sedlak;xpepermint;CA, United States
Nikhil Mohan;niksmac;Trivandrum, India
Diego Araos;daraosn;Planet Earth
Zulhilmi Zainudin;zulhfreelancer;Malaysia
Cun Yang;backslash112;United States
Leopold Joy;leopoldjoy;New York City
Shane Vitarana;shanev;New York City
Cory Flanigan;seeflanigan;Denver, CO
Taariq Lewis;taariq;San Francisco
Trent McConaghy;trentmc;Berlin, Germany
Daniel Ellison;zigguratt;Toronto, Canada
Achim Friedland;ahzf;Jena, Germany
Jikku Jose;JikkuJose;Trivandrum, India
Yevhen Kuzminov;iJackUA;Kharkiv, Ukraine
Steve Rodrigue;steve-rodrigue;Montreal
Trevor Uptain;trevoruptain;San Francisco, CA
Kevin Brown;blargity;Sydney, Australia
Guillaume Verbal;Doweig;Beijing, China
Kim (Hamilton) Duffy;kimdhamilton;Seattle, WA
Translator;BlockchainTranslator;Unknown
Jake Sorce;jakesorce;Bluffdale, Utah
Eyyüb Sari;Eyyub;France
John Shutt;pemulis;San Francisco, CA
Unknown;seqs;Beijing China
Vitaly Bezgachv;Vetal1977;Berlin, Germany
Philip Welber;prwelber;New York
verifier;verifier1;moscow
Palash Nigam;palash25;zsh
Alberto Gomez Toribio;gotoalberto;Madrid, Spain
Ory Band;oryband;Tel-Aviv, Israel
David Andersen;davidx;San Francisco, California
Julia Vishnevsky;juliavi;Unknown
Hiran Dogra;hirandogra;New Delhi
Skiral Inc.;skiral;California
PyWaves;PyWaves;Unknown
Michael Wuehler;wuehler;New York City
WΞB3;nicovalencia;Boulder, CO
Joran Kikke;dangerousbeans;New Zealand
Unknown;hustnn;Singapore
Antony Jones;antony;London, UK
Tomisin;ToJen;NL, Canada
Han Hua;hhua;Bay Area
Kaloyan Raev;kaloyan-raev;Sofia, Bulgaria
Marek Kirejczyk;marekkirejczyk;Warsaw
Austin Witherow;awitherow;Decentraland
Guru Prasath;aprasadh;Hyderabad, India
Skylar Young;OstlerDev;San Diego, California
Tom Bradshaw (presstab);presstab;Unknown
Anton Egorov;satyrius;Tallinn, Estonia
Alexander Wunschik;mojoaxel;Fürth, Germany
Anthony Vipond;thewinterwind;Vancouver, BC
Nikhil Singh;nikhilmufc7;Pune, India
César Rodríguez;kesar;0x0
Devon Gundry;devongundry;San Francisco, CA
Jan Szumiec;jasiek;London, United Kingdom
Sérgio Flores;Relfos;Portugal
Hector Garcia;nabucosound;Unknown
Stuart Farmer;StuartFarmer;San Francisco, CA
Drizzentic;drizzentic;Kenya
Ivan Turkovic;Thorsson;"San Francisco, CA; London, UK; Sao paulo, BR"
Akshit Ahluwalia;akshitahluwalia;New Delhi
Mai-Hsuan(Kevin) Chia;mhchia;Taipei, Taiwan
Shivank Shekhar;GeekyShiva;Rajasthan
James Morgan;jamesmorgan;UK - Manchester
Zack Soliman;zacksoliman;Montreal, Canada
Amy Bui;amygbui;Unknown
FUSIONFoundation;FUSIONFoundation;Singapore
Hyunwoo Kim;Kcrong;Seoul
Francisco Muñoz;IFFranciscoME;guadalajara
Martin Olveyra;kalessin;Ciudad de la Costa, Uruguay
Markus Klems;markusklems;Germany
Julien Bouteloup;bneiluj;United Kingdom
Braden Glasgow;bglassy;La Fortuna, Costa Rica
Wagner Nicolas;n1c01a5;nomad
Filip Bielejec;fbielejec;Belgium
Dan Gershony;dangershony;London UK
Dmitry Khovratovich;khovratovich;Unknown
Dimitris Karakostas;dimkarakostas;Edinburgh, Scotland
yudetamago;yudetamago;Tokyo
Julien Lucca;lucca65;São Paulo, Brasil
Aleksander;alekplay;Boston, MA
dongsamb;dongsam;South Korea
Matthew Joseph Martin;matmar10;San Francisco, CA
Hunter Long;hunterlong;Santa Monica, California
Sebastien Rousseau;sebastienrousseau;London, UK
Brandon Arvanaghi;Arvanaghi;New York City
Sean Seefried;sseefried;Sydney, Australia
Fire Lotto;firelotto;Unknown
Sergey Potekhin;pavlovdog;Russia, Moscow
Ben jemaa Chokri;jemacom;Tunisia
Robert Zaremba;robert-zaremba;Geneva, Switzerland
Zhanliang Liu;liuzl;Beijing
Aitor Ibañez;aitoribanez;Donostia
MVR COIN;MAVRO2;Worldwide
Jaison Saji;jsn5;India
Shahriar Ahmed;SHOCK122;New York City
Nenad Palinkasevic;yippee-ki-yay;Serbia
Pablo Ruiz;pabloruiz55;Buenos Aires, Argentina
Florian Glatz;Flotob;Berlin, Germany
Priom Chowdhury;priom;Toronto, Canada
James Wheaton;uranther;Denver, CO
Swapnil Kulkarni;coolsvap;Pune, India
Henry James Banayat;compumatrix;Worldwide
Bitrent;bitrent;Unknown
Hans-Jürgen Pokmann;hbokmann;Barcelona, Spain
Thibaut Schaeffer;Schaeff;Berlin
Ferdinando M. Ametrano;fametrano;Unknown
William Campbell;Sufuninja;Boerne Texas
Stan James;wanderingstan;Boulder, CO
Huseyin Gurkan;hu53yin;Istanbul, Turkey
Gabriel Bernardo Pereira;gabeira;Sydney
Victor;lacabra;Cambridge,MA
Radek Ostrowski;radek1st;Unknown
Denis Smirnov;densmirnov;Moscow, Russia
Etienne TATUR;etiennetatur;France
Alexander Sukhanov;sp41mer;San Jose, CA
Gonçalo Sá;GNSPS;Portugal
Gurpreet Singh;Guppster;London, Ontario
HU Yao-Chieh;yhuag;Hong Kong
Amr Gawish;agawish;London, United Kingdom
Howe Chiang;howe;Nanjing.Jiangsu.China
Mauricio Serna Florez;fmauricios;Medellín, Colombia
Pacien Boisson;pakokrew;Bordeaux, France
Devanshu Bharel;Brownie79;Chicago, IL
Jeffrey Yang;j3ffyang;http://twitter.com/AnalyticSource
Hasan Kumar;mintuhouse;Mumbai, India
beykery;beykery;beijing
Alex Oberhauser;obale;Greater Boston Area, MA, US
Kamuela Franco;KamuelaFranco;Nottingham, United Kingdom
Jorge A. Borges;jorgeborges;Sydney, Australia
Camila Vilarinho;camilaavilarinho;Unknown
Alexander Isora;alexanderisora;Saint Petersburg
Dubai Crypto;ArabianChain;Dubai Technology Enterpuner Center Technohub 2, Dubai Silicon Oasis Authority, Dubai UAE
Evgeny Yurtaev;evgeth;San Francisco, USA
Halil Ozercan;halilozercan;Ankara
André Ferreira;andreferreira-me;Brazil
Steven Englander;confidenti-al;Costa Rica
Linda Chan;cylinda47;Hong Kong
Lakshman Diwaakar;lakshmantgld;Yokohama
Aldo Borrero;aldoborrero;Barcelona
Benjamin Cherion;balibou;Paris, France
Jose Galvez;galvezz;Mexico, USA
Piotr Zduniak;pzduniak;Łódź, Poland
Oleksii Zhurbytskyi;azhurb;Ukraine, Odessa
Aleph Retamal;alaphao;Sydney, Australia
CIBUSWORLD;cibusworld;Unknown
gary rong;rjl493456442;Hangzhou, China
Moreno Cunha;morenopc;Brazil
Mannu Gupta;theparadoxer02;Delhi NCR
Saulo Campos;saulocamposi;Dublin / Ireland
Paul Salisbury;salis;New Zealand
Andrey;askucher;Kiev
Adrián Calvo;AdrianClv;Madrid, Spain
Tsiry Sandratraina;realtsiry;Antananarivo / Madagascar
Matt York;stackdump;Austin, TX
PenTesting;PenTesting;Unknown
Tron Network;lucien-tronlab;Singapore
Divi Project;Divicoin;Unknown
Leon Do;leon-do;Unknown
Ilia Oleksiuk;ioleksiu;Ukraine, Kiev
Alexander Peters;alpe;Berlin, Germany
mileschet;mileschet;São Paulo, Brasil
Joon;mossid;Seoul, S.Korea
CREDITS;Credits-com;Singapore
Robert Laverty;roblav96;Boston, MA
Rafael Capaci;capaci;Curitiba, PR, Brazil
Anuar Serikov;anchik12345;Astana, Kazakhstan
Vyom Sharma;vyomshm;New Delhi
Nikita Zhavoronkov;Har01d;Moscow, Russia
Alex Ramirez;RamirezAlex;Medellin, Colombia
danieljoonlee;danieljoonlee;Los Angeles
Emily Hosoya;emilyhosoya;Denver, CO
Jason Clark;jasontclark;Localhost
子丰;Quinton;Hangzhou, Zhejiang, China
Andrew Robbins;arobbins;Minneapolis, MN
Rohan Agarwal;rohanagarwal94;New Delhi
Riccardo Ravaro;riccardoravaro;Oxford, Uk.
Vincent;Bunjin;Unknown
Tim Reznich;imbaniac;Kiev, Ukraine
Joe Bernitt;joeb000;Unknown
Bing Ran/冉兵;branaway;Vancouver, Shanghai, Ningbo， China
Jordan Andrews;codingupastorm;Always Remote :)
Michael Gaio;miquael;Unknown
Mike Calvanese;mikec;Somerville, MA
Hasham Ahmad;MrHash;Berlin, London, Tokyo, and more
Christian Esperar;christianesperar;Hong Kong, Philippines
Jason Smythe;JasoonS;Unknown
Alex Xiong;AlexXiong97;Singapore
Hrishikesh Huilgolkar;hrishikeshio;Unknown
j8;j8;Düsseldorf
Paulo Chaves;oPauloChaves;Teresina-PI, Brazil
Raúl Kripalani;raulk;Spain
Ícaro Harry;icaroharry;Belo Horizonte - MG - Brasil
Sangwook Park;haloswpark;South Korea, Seoul
Alex Ishida;alexishida;Porto Velho - Rondônia - Brazil
George Kiknadze;kiknag;Vienna, Austria
Zac Delventhal;delventhalz;St. Paul, MN
Edward Ciggaar;eciggaar;Amsterdam
Creativechain;creativechain-git;Unknown
Laura VenVas;PeoplesCulture;NYC
0chain;0chain;Cupertino, CA
I/O Digital;IOCoin;Netherlands, Miami, NY
Darrell Duane;DarrellDuane;Washington, DC
André Ferreira;aferreira44;Brazil
Kevin;kevinfs;New York
Cryptonex (CNX);Cryptonex;Unknown
Marcel O'Neil;marceloneil;Toronto, Canada
Jacob T Butler;DrAmaze;San Francisco, CA
Jason Piao;JPiao;Canada
Unknown;marcusyh;Beijing, China
Andy Gray;andygray;UK
Wiktor Jezioro;lakewik;Poland
Hiep Le;hieple7985;Viet Nam, Germany
IBL - Infinity;infinityblockchainlabs;Unknown
John D. Storey;johndangerstorey;Brooklyn, NY <=> Provo, UT
David Adams;solutionsmith;NC
Nav_devl;Navdevl;Chennai
廖师虎;lshoo;Unknown
Adil H;didil;Madrid
Madeleine Shang;Prtfw;Unknown
Alexander Orlov;loxal;Munich, DE
Soundharya AM;Soundharyaam;India
bsisic;bsisic;Luxembourg / Paris
Coury Ditch;cmditch;Boulder, CO
Marcin Mrotek;Abdizriel;Bydgoszcz, Poland
Nathan Chen;WhaleChen;Shanghai, China
postables;postables;Canada
Rob Hitchens;rob-Hitchens;Calgary, Alberta
Aleksandar Djordjevic;DeeJayElly;Serbia
Micah Dameron;chronaeon;Spring Lake, MI
Shahan Khatchadourian;shahankhatch;Toronto, Canada
Jeff;jeffrey-l-turner;USA
Choucri FAHED;choucrifahed;Paris
Paul Tepper Fisher;pfisher;New York, NY
Sevgin Mustafov;sMustafov;Sofia, Bulgaria
Sammy;Mxxim;Hangzhou, China
Sangwon Hong;qpakzk;Seoul, Korea
Ian Deans;ian-deans;East Bay, California
Satinder Grewal;satindergrewal;New Zealand
Oscar Chavez;oschvr;Mexico City
Menuka Warushavithana;menuka94;Sri Lanka
Stellite;stellitecoin;Unknown
Glen Pham;glenrage;Seattle
Nadim Uddin;nuddin95;Unknown
Dan Turner;dan-turner;Sydney, NSW, Australia
Eric Schulman;clouded-eas;Cambridge, MA.
EON Technology;EonTechnology;Estonia
Vincenzo De Notaris;vdenotaris;Düsseldorf, Germany
Frank Wang;frankzwang;San Francisco, CA, USA
Nilam Doctor;nilamdoc;India
Sheen;sheenhx;Berlin, San Jose, Shenzhen
ByCnck;ByCnck;Unknown
Ben Yasin;benyasin;Hangzhou, China
Michael Gord;bitgord;Global
bigmurry;BigMurry;Unknown
Branko Gvoka;mladibejn;Novi Sad, Serbia
Matt Dean;mattdean1;Birmingham, UK
Jinho Yoo;jinhoyoo;Seoul
Jerome de Tychey;jdetychey;Unknown
Miguel Ramos;mishingo;Miami
Adam Bennett;ditn;London, UK
Bradym;Bradymck;Unknown
Nathan T. Baker;nathantbaker;Nashville, TN
Giuseppe Bertone;Neurone;Italy
Hongbo Liu;hiberabyss;Chaoyang, Beijing
Ben Conway;Benc93;Worldwide
Jordan Badiabo;jrbadiabo;Unknown
VinChain Public profile;VinChain;Unknown
Recep YILDIZ;ItStark;Unknown
FAB Coin;blockchaingate;New York / Toronto
Source;BlockchainSource;Zug, Switzerland
BenjaminLu;BenjaminLu;Taiwan
Robert Durst;robertDurst;San Francisco
Unknown;asebak;Canada
Xiangyu Wu;byteknacker;Hong Kong
Edward Tsang;eplt;Beijing, China
Alex Phenom;AlekseiSmirnov;New York
Steve Woods;onsightit;Unknown
Daniel Merrill;dmerrill6;Chile
QiushanLiu;bluecloudmatrix;China
ludis;flute;beijing,china
RK Services;rkanadev;Unknown
Doug Leonard;dleonard00;the internet
Jude Ben;judeebene;Uyo
NIC Lin;NIC619;Unknown
Yann van Ewijk;Technoprenerd;Worldwide
Daniel McClure;danielmcclure;Digital Nomad
David Canillas Racero;kartojal;Málaga, Spain
Luc Yriarte;lyriarte;Montpellier
Diogo Gomes;diogogomes;Portugal
rustie;rustielin;Berkeley, CA
Cyprien Pannier;cyppan;Montpellier
Fairy;MissMonacoin;Near the Monacoin blockchain
Brandon O'Brien;br4nd0n;Seattle
Rick Mendes;rikmendes;Brussels
Interzone;projectinterzone;Unknown
ChainSafe;ChainSafe;Toronto, Canada
UltraNote;UltraNote;BlockChain
Benebit;benebit;Unknown
Lindsay Buescher;LindsaysDarkAlley;Berlin, Germany
Joshua Hannan;joshuahannan;Austin, TX
qinfengling;qinfengling;Beijing
David Kajpust;davekaj;Toronto
John Arce;johnarce;Philippines
JayB Kim;jaybkim1;Somewhere, Universe
crazybits;crazybits;GuangZhou,China
Greg Taschuk;gtaschuk;Queens, NY
Luis Gonzalez;funkytaco;Atlanta, GA
Marcelo Darocha;darocha;USA
Craig Williams;craigwilliams84;Cardiff
Azure Chen;azurechen;Taipei, Taiwan
Joaquim Pedro Antunes;jpantunes;Europe
Mithun Dhiman;mi2oon;Denmark
Derek Mingyu MA;derekmma;Hong Kong
Robert Valmassoi;valmassoi;New York, NY
Ελένη;eirlis;Unknown
Lucas Vieira;vieiralc;Brazil
Lex;shuangjj;Jersey City, NJ
Filip Loster;Aare-;Krakow
Aravind Kandiah;sk-aravind;Singapore
Peter Leng;PeterL328;Waterloo, Canada
Steven Lee;kynrai;United Kingdom
Jesus Najera;setzeus;Fort Lauderdale, Florida
Gavin Pacini;GavinPacini;Dublin, Ireland
Frédéric Renken;renken;SF & Vancouver
Marco Barulli;mbarulli;Munich, Germany
Carl Ditzler;carlditzler;Austin
Kumar Swapnil;uzumaki-narut0;Kurukshetra, Haryana, India
Daniel Hong;unifiedh;Anyang City, Republic of Korea
Dmitrii Ermolaev;icreator;Moscow
Titanium;tbis-inc;Worldwide
Unknown;um1ng;Chengdu
Rupsha;rupshabagchi;Helsinki, Finland
唐顺;KindGod;Shanghai，China
Swaroop Hegde;SwaroopH;World
Esteban A. Maringolo;eMaringolo;Argentina
Parallel Empire;KleeTaurus;Beijing
Mark Morris;TarantulaTechnology;Austin Texas
Kostas Karasavvas;karask;Unknown
Julien Klepatch;jklepatch;Unknown
Arne Meeuw;ameeuw;ZH, Switzerland
Maxim Orlovsky;dr-orlovsky;Zurich, London, Kyiv
Ankush Chadda;iamkhush;Agra
Abhishek Gupta;atg-abhishek;Montreal, Canada
Asim Ashfaq;asimashfaq;Pakistan
Thomas Kim Pham;thpham;Lausanne (Singapore / SF / Seattle)
Petros Ring;petros789;New York City Area
Luca Florio;elleFlorio;Italy
Moses Lee;leecmoses;Atlanta, GA
Chris Smith;iamchrissmith;Earth
Xenia Bogomolec;XeniaGabriela;Hannover, Germany
Matthew B White;mbwhite;Unknown
Thomas Dornell Bonilla;tomas302;London
Pekka Nikander;pekkanikander;Helsinki
Unknown;SP8DE;Unknown
Zenome Platform;zenomeplatform;Unknown
Unknown;PDXTechnologies;San Jose, CA U.S.A. & Beijing, China
William Payne;WMPayne;Omaha, Nebraska
Robert Steiner;Robert-Steiner;Berlin
Himanshu Kushwah;hkxicor;Bengaluru
Connor;kanr;Sacramento, CA
Tarun Mahawar;TarunMahawar;Hamirpur, H.P.
Alexander;davy42;World
Lauren McConnell;llmcconnell;Unknown
André Hoendgen;ahoendgen;Cologne, Germany
TRUST-TECH;TRUST-TECH-LABS;Zug, Switzerland
Giulia;giuliabr;London
Hao wang;wanghaodawn;San Francisco Bay Area, California, United States
Abhi Sharma;abhisharma2;Brooklyn & Atlanta
Grzegorz;dadmor;Warszawa
Jason Lee;Jasonbit;San Francisco
Shanawar Khan;shanawarkhan;Unknown
Spiros Baxevanakis;spirosbax;Corfu, Greece
Unknown;mbrix;Unknown
Robin Monnier;robin-monnier;Unknown
Robinson murithi;debingo;Meru kenya...,mt kenya region
Russ Michell;phptek;Wellington, NZ
Antoine Herzog;antoineherzog;Paris
Alex Wormuth;awormuth;Washington, DC
Natalie Chin;NatalieChin80;Unknown
Maxim;grumpydevelop;Unknown
Galayko Nikita;iNiKe;Russia, Zhukovsky
Projjal Gupta;paltrickontpb;Chennai, India
Jamie Steiner;jvsteiner;Riga, Latvia
Daniel Okwufulueze;DOkwufulueze;Lagos Nigeria
nira09;nira09;indonesia
Igor Machado Coelho;igormcoelho;Niterói, Brazil
Wan;wanraitelli;Unknown
nick theile;ntheile;Chicago, IL
John Packel;john-packel;New York
Alex Dovzhanyn;alexdovzhanyn;Bronx, New York
Ken Suong;suoken;Canada
Md.Badiuzzaman Biplob;Biplob45;Chittagong,Bangladesh
Henry Garant;Henri93;United States
Paulo Alberto Simoes;pasimoes;Rio de Janeiro, Brasil
NeuroChain Tech;neurochain;Paris, France
Tanishq Sharma;tanishqsh;India
Cristóbal Castillo;c-castillo;Santiago, Chile
Edward Ward;edwardwardward;London
Dee;deepakraous;Cali
Thomas Quiroga;tquiroga;Scotland
Cesar Lin;linxinzhe;Shenzhen, China
Max Kaplan;kaplanmaxe;Tampa
Anagh Hegde;AnaghHegde;Bengaluru
AtomicX;AtomicXCoin;San Francisco - Adress - 18 California Street 1100. USA
juanecabellob;juanecabellob;Unknown
Sibiraj PR;sibizulu;Kollam
Ricardo Gamba;rgamba;Dallas, TX
Chris Poole;chrispoole643;UK
Makkhawan Voraboot;itoonx;Thailand, Bangkok
Unknown;dgbholdings;Unknown
Raphaël;phoax;Paris
Michiel Mulders;michielmulders;Belgium
Philipp Gillé;philippgille;Leipzig, Germany
Joseph Bender;jdbender66;New York, NY
Philip Prophet;monkybrain;Göteborg, Sweden
Hendrik Hofstadt;Slamper;Unknown
dev_zl;devzl;Unknown
Nahua;nahuakang;Stockholm
Szymon P. Peplinski;speplinski;Dubai | Nairobi | Lagos | Kampala | Warsaw
Darío López Padial;bukosabino;Granada
Thiago Régis;tregismoreira;Unknown
Feralamillo;Feralamillo;Spain
DanielChen;team6612;Tainan, Taiwan
Selim Imoberdorf;slimiles;Aarau
Cashaa;cashaadev;London
Bottos;BottosGroup;Shanghai,China
Paragon Coin;paragoncoin1;Unknown
Chris Woods;bitspace;Hooksett NH US
YOONSU PARK;blockchain99;Los Gatos CA
Drew Stone;drewstone;Philadelphia, PA
beyond-;beyond-blockchain;Unknown
Unknown;codewinguagua;Unknown
Vladyslav Makarian;vldmkr;Unknown
Atticlab LLC.;atticlab;Kiev, UA
Cyril Lapinte;sirhill;Geneva
Nelson Perez;bilthon;Lima
SajZ;sajz;France
Mahendra Panchal;mahendra-panchal;India
Rodrigo Acosta;acostarodrigo;Argentina
Patryk Perduta;perduta;Warsaw, Poland
Eric Schulte;triage;NYC
Patrick Lismore;lismore;UK
Alex Bazhanau;frostiq;Minsk
Alf Watt;alfwatt;San Francisco, CA
Steven Chen;stevenchen3;Singapore
Hamza Yasin;HamzaYasin1;Pakistan
Cesar Rosales;cesarrosales;California
Martin Lees;drov0;Unknown
Paul Ayuk;paulayuk;lagos, Nigeria.
Roy Zou;zoulaihui;China
Ido Kleinman;idokleinman;San Francisco, CA
Erik Martinez Roqueñi;erikmr;México D.F
Matthew Knippen;mknippen;Chicago, IL
Ramaswamy P;ramyrams;Dallas, TX
Santanu Sarker;santanu23;Canada
Michael Judd;Michael-M-Judd;Kingston, ON
David J Green;MrGreenGiantGraphics;United States and Sweden
Frano Stanisic;franomai;Auckland, New Zealand
Alexandrith C Sharron;asharron;Unknown
Caffè;BlockChainCaffe;Milano (Italy)
Unknown;jeamick;Unknown
Greg Mikeska;gmikeska;Denver, CO
Chris;chrislee87;China
Rahul Yadav;rahulmanuwas;Gurgaon, Haryana
Noah Henry Johnson;nojoso88;Los Angeles
Parthasarathy Ramanujam;zincoshine;Unknown
Renato Abreu;rasrenato;Brazil
Alexander Fred Ojala;afo;Berkeley, CA, USA
Cryptogenik;Larceniii;The Internet
David Ryan;davidjryan;Denver, CO
Tyler Fallon;tylerfallon;Tri-State Area
Héctor Ugarte;hedugaro;Germany
Kejie Zhang;kjzz;Hangzhou, China
Andrey;Systerr;Minsk/Belarus
Vitor Py;vitorpy;Rio de Janeiro, Brazil
Mateja Trifunovski;Matko95;Belgrade, Serbia
Forrest Marshall;forrest-marshall;Atlanta, Georgia
Paul Hauner;paulhauner;Sydney, Australia
Unknown;klmitchell2;Chicago
Krid Jin;vasopikof;Unknown
Ali Mousa;amousa11;Berkeley, CA
Lexi Brent;lexibrent;Sydney, Australia
विपिन खतिवडा;bipinkh;kathmandu, nepal
Shujon Mollah;smoll;Unknown
Lukáš Lukáč;EnchanterIO;Slovakia
Tauqeer Hassan;hassantauqeer;Islamabad, Pakistan
Raj Bandi;Rajbandi;Melbourne, Australia
Timothy McCallum;tpmccallum;Australia
Tiago Lopes Ferreira;ferreiratiago;Porto, Portugal
Alex;amijkko;Moscow
Uchi Uchibeke;uchibeke;Saskatoon, Canada
Volker Strobel;Pold87;Belgium
Hiromichi NOMATA;hiromichinomata;Japan
itzik shaoulian;itzik415;United States
Yash Patel;yashpatel5400;Unknown
Dominic Lacroix;superCoderDOM;Roaming
Luke;lpninja;Tokyo, Hong Kong.
Shubham Bansal;ShubhamBansal1997;@New Delhi, India
Jakub Pacanowski;jpacanowski;Bydgoszcz, Poland
bitcointoken;bitcoin-token;Unknown
AIDEN LEE;goldfintech;hongkong
FoldingCoin;FoldingCoin;Unknown
Prashant Shahi;CoolBoi567;Bangalore, India
Kanchi Chandwani;Kchandwani21;Greater New York City Area
三刀流;blockChainB;Unknown
Tony;forchain;Shanghai
Jerry Wu;perzy;HangZhou China
Aaron Schwartz;aschwizzy710;Jacksonville Beach, FL
Christian Kakesa;fenicks;Unknown
Siriwat K.;stylixboom;Tokyo, Japan
Blockmeta-区块元;Blockmeta;China
Daniel Wilson;Remapper;England, UK
Gopalakrishna Palem;KrishnaPG;Unknown
Bendang;bendangnuksung;Bengaluru, Karnataka
Voith Mascarenhas;voith;Unknown
Sanchit Balchandani;inovizz;Hyderabad
Shubham Jain;slayerjain;New Delhi
Simon Mullaney;simonmullaney;Dublin, Ireland
Purwanto;purwnt;Jakarta Indonesia
Vittorio Minacori;vittominacori;Catania
MoneyToken;MoneyToken;United Kingdom
Yury Alexandrov;dizer;Unknown
Tyler Evans;tylev;Nashville, TN
Adal;quardz;Bangalore India
Yasser Aziza;yaziza;Berlin, Germany
Mouli Uddanti;ram1991;Bangalore,india
Unknown;vikas1188;hyderabad
Vitor Henckel;vhenckel;Florianópolis
Andrzej Panasiuk;Androsh;London
Viktor Jacynycz;Jacynycz;Madrid
Abhijit Roy;abhi3700;Chandigarh, India
Dong-Ok Peter Ryu;popldo;Unknown
Tim van de Vathorst;Timvdv;Netherlands
Christian Barrios;christiandbf;Cartagena, Colombia.
Mustafa Talha Arslan;mtarslann;Unknown
Jeff Zito;JZito;New York, NY
Manoj;manojpramesh;India
Shawn Zhang;hustshawn;Hong Kong
Marouene;MarwennChb;Paris
Henry;Riib11;Reed College
Denis Oyaro;Denis-Oyaro;Unknown
Farhan Khwaja;farhankhwaja;Los Angeles
Raul San Narciso Holguera;raulsann;Boulder, CO
John Anthony Radosta;JohnAntonusMaximus;Fort Lauderdale, FL
Alex Stuart;alxstuart;Nottingham
Michael Herman (Toronto);mwherman2000;Toronto, Ontario, Canada
Adrian Barwicki;adrianbarwicki;Heidelberg, Germany
John O. Morales-Marquez;ScooterHelmet;Alabama
Jeet Raut;jeetraut;United States
Leandro Freitas;leandrodavimg;Brasil
Linx;linX-project;UK
Aliaksei Hiatsevich;ahiatsevich;Unknown
Jérémy SEBAN;MechanicalSloth;Tours, France
Bresson;Clement-Bresson;London
Thomas Schouten;thomelsch;Berlin, Germany
Philip Peinsold;ByteHeroes;Vienna
Michael Monte;michaeljmonte;Unknown
CHERR.IO Platform;CherrioPlatform;Maribor, Slovenia
Artis Turba;ArtisTurba;South Africa
Unknown;Blockchain-CN;
ArthurTao;tyhtao1990;Unknown
Andy li;sportshark;beijing
Li Smith;baidang201;ShenZhen
bingoer;bingoer;beijing,china
Ramakanth Giri;Rkdroid;Dubai
María Teresa Nieto Galán;mtnieto;Madrid
Fenglian Xu;fenglianxu;UK
Alex Murashkin;alex-murashkin;Unknown
Toshendra Sharma;toshendra;Mumbai
Igor Frolov;IgorFrolov;Kaliningrad
Siva Ragavan;sivahq;Boston, MA
oneai;deepyug;London
Mohammed Rashid;mohdrashid;Unknown
Luis F. Escobar-Driver;LEscobar-Driver;Unknown
guoyibin;gyb997;beijing china
Wesley Cheung;wmcheung;Rijswijk, Netherlands
Manish Kumar;man15h;0xa40eb8594acb35f5
Harsh Arya;harshaa947;New Delhi , India
Alex Yalunin;alexyalunin;Moscow, Russia
Erhard Dinhobl;mrqc;Austria, Vienna
Sid Masih;SidMasih;Berkeley, CA
terence tsao;terenc3t;san francisco
Yannick Visbeek;yvisbeek;Amsterdam
Kirill Varlamov;ongrid;Moscow, Russia
Jan Azzati;protyze;Zürich
Lijun Huang;peoplehlj;Beijing
Zane Starr;zcstarr;Unknown
Ronald Pijpers;rpijpers;Netherlands
Mircea Moca, PhD;mocamircea;LYON, FRANCE
Subho;iamSubhoK;Pune
Bijan Massoumi;Bijan-Massoumi;Silicon Valley
Valentin;linouxis9;Unknown
Maurice Dalderup;DalderupMaurice;België
Roman;TPABHuKOB;St.Petersburg, Russia
Anand Soni;Anandsoni14;Kolkata
Zach Alam;zachalam;Las Vegas, Nevada
Shubham Singh;imshubhamsingh;New Delhi, India
Marcus Hsu;kiddkevin00;New York
Jordan Lyall;jordanlyall;Los Angeles, CA
Xavi Arias Seguí;xaviarias;London, UK
Diego Rodrigues;polaroidz;São Paulo, Brazil
Michael Ogezi;okibeogezi;Jos
Jack;jackjdl;St Andrews, Scotland
Arsen Darakdjian;arsend;Los Angeles, CA
michael kontogiannis;mkontogiannis;{cph, bln, edi}
Uwe Cerron;uwecerron;Miami
Tom Magnusson;tommagnusson;Poughkeepsie, NY
Amin Torres;amintorres;nyc
Rafiudeen Chozhan Kumarasamy;RafiAlhamd;Dubai, UAE.
Unknown;truegame;Unknown
Bryan Rosenau;beastybryan;Denver, CO
Ethan Horoschak;ethanhoroschak;Unknown
Robin K Wilson;robin-k-wilson;California
He Ye;smartheye;Shanghai
Matthias;fasmat;Munich, Germany
Hui Chen;wisehead;Beijing
LindaIlonze;linda-ilonze;Unknown
Stuart Hunter;stuarth1;Toronto ON
Ivan Rukhavets;vanruch;Unknown
Bitcoin Error Log;BitcoinErrorLog;Earth
Block And Decker;micahaza;Malta
Jordan;JordanDworaczyk;USA
Rico Chen;ricochen;San Francisco
Rhys Lindmark;RhysLindmark;United States
Unknown;CarlosDutra;São Paulo, Brazil
Adil Aziz;adilj13;Lahore, Pakistan
Sergi Canal;shierve;Barcelona
Russell Rosario;rosariorussell;Miami, FL
Devvrat Shukla;devvratio;Mumbai, India
Arsalan Khalid;arsalankhalid;Toronto, Ontario
Dylan Frendo;ferendo;Malta
Javier Rojas;fjrojasgarcia;Unknown
Unknown;escursionista;Unknown
Boldachev Alexander;AleDvin;Unknown
Jaycen Horton;jaycenhorton;Arizona
Johannes;JohannesBertens;Rotterdam
Andrew Xu;andrewxu10;San Francisco
Bernard Lin;pblin;NYC
Guilherme Flores dos Santos;guisantos;São Paulo, Brazil
Unknown;BScrk;Unknown
Terry Palomares;terrypalo;Unknown
Liam Aharon;liamaharon;Melbourne, Australia
ArkadioG;ArkadioG;Gdansk, Poland
LeYuwei;leyuwei;Nanking, Jiangsu Prov.
Nicholas;tekknikk;Sydney
Aneil Mallavarapu;aneilbaboo;San Francisco, CA
Naoto;starcharles;Japan
reneX;renexdev;Argentina
Nitin Shukla;Shukl;New Delhi
Mike Sutherland;sfkiwi;Palo Alto
christian;cjeria;San Francisco
Ilmer Oliveira;IlmerO;Belo Horizonte - MG
Graham Perich;grahamperich;San Diego, CA
Sergey;sergey-koba-mobidev;Kharkov, Ukraine
Amol Pednekar;amolpednekar;Goa, India
Mosam Gor;mosamlife;India
Walid Al-Saqaf;wsaqaf;Sweden
Sergio del Rio;sdelrio0;Mexico
D_Pain;DPain;Wilmington
Olivier Lépine;crapougnax;Avignon & Paris
Márcio Porto;MarcioPorto;Denver, CO
Kwun Yeung;kwunyeung;Hong Kong
Cooper Kernan;cooperkernan;Boulder, Colorado
Jesse Busman;JesseBusman;Fryslân, The Netherlands
Rishabh Thaney;Rishabh42;Unknown
Burak Bayır;kriptoburak;Turkey
Denis Kaiser;DenisKaizer;Moscow
Dorian S.;dsmrs;Brussels/Lille
Dwight Ford;dwightford;Berkeley Ca
Unknown;covertress;Unknown
Thomas BRILLARD;CremaFR;France
Yang Zhao;yzhao12;Los Angeles, CA
Charles R Douthat;ReidDecentral;Planet Earth
Alejandro Gómez de la Cruz;agomezdelacruz;Unknown
Unknown;SwftCoins;1601 McCarthy Blvd, Milpitas, CA 95035, US
amchart;amchart;Austin, Texas
Fabrice Distefano;Sphearis;Belgium
WillAchain;WillAchain;BJ
seetharaman gr;grsind19;Chennai
Felix Watkins;OperationNine;Unknown
Nazzareno Massari;naszam;London, UK
Setu;setusaurabh;Unknown
Arnav Vohra;arnavvohra;India
Jeroen Merks;JeroenMerks;Netherlands, the
Wepesa;WePesa;Blockchain
Shivam Maloo;Kakashi08;Unknown
Albert;0xfff;Canada
stdo;stdoo;Guangzhou, China
Urko Larrañaga Piedra;Jymmbo;Lekeitio, Bizkaia, Spain
Dapao Xie;btcioner;Tianjin.China
Ian Costanzo;ianco;Vancouver
Robert Olson;masterrco;Seattle, WA
Ji Yuan;jiyuan;Beijing, China
Jayanath Kumara;wajayanath;Unknown
Matthew P. Schmidt;Smithgift;Martins Ferry, OH
Adirson Allen;acriacao;são paulo - são paulo - brasil
Ivan Borisov;PillarDevelopment;Russia
feng lee;87260280;Beijing,China
Lakshman Sankar;lsankar4033;Unknown
Vitor Quaresma;vitorqshr;Unknown
Anshuman Singh;anshuman-singh-93;bangalore
Nenad Radovanovic;nesaplay;Belgrade, Serbia
Rerngrit Rakkanittakorn;rerngrit;Unknown
Charming_vi;zjuzcy;Unknown
Bryan;bitsanity;Pacific Northwest
AqeelKazmi;AqeelKazmi;Pakistan
Pavel Brilliant;pavelbrilliant;Ukraine
Gonzalo Linares Amezcua;escreativa;Granada - Spain
fullStackChris;frewinchristopher;Feldkirch, Austria
Qingliao Wu;qingliaowu;Unknown
Flashnet Tech, Inc.;superflashcoin;Montreal, Canada
Daniil Larionov;Rexhaif;Russia
Mantas Rukuiža;rukuiza;Lithuania
Florian Maxim;florianmaxim;Berlin / Space
JASMEET SINGH BAGGA;Jasmeet1709;DELHI
Bernardo Costa;bcosta12;Unknown
Biser Dimitrov;biserd;New York
Peet Denny;peetdenny;Windsor
Distributed Application Ledger（DAppLedger）;cbdforum-dappledger;Beijing China
Samuel Brooks;ramboze;Sydney, Australia
Sentient;apollygon;London, England
Thomas Strohmeier;tstrohmeier;Graz
Elier Delgado;elier;Montreal
Nikita Kunevich;nikitaKunevich;Minsk, Belarus
Unknown;TarekJor;Nowhere, somewhere and everywhere
Shiv Haris;shivharis;Palo Alto, CA
Víctor Adolfo Mars Mindiola;Yayotron;Poland
Merve Cerit;mmervecerit;Unknown
John White;cyon1c;USA
Kevin Leffew;kleffew94;Arlington, VA
Barnabé Monnot;barnabemonnot;Singapore
Unknown;ALawliet;Unknown
Jacob Thomason;oojacoboo;Georgia, USA
Mads Gram;PhDuck;Copenhagen, Denmark
James Cori;rootelement;Hartford, CT
Pratik Parmar;HackyRoot;India
Gabriel Bentara Raphael;yukinotenshi;Bandung, Indonesia
Mridhul Bhambri;Mridhul40;Dehradun
Antonio Rossi;tonio155;London
Antoine Rondelet;AntoineRondelet;Unknown
Mark Barraquias;nandarionndr1;Unknown
Anthony;Mandelliant;Jersey City, NJ
Ramene Anthony;jadedgeek;Blockchain
Joshua Bell;joshuabell;San Francisco
Turtle Kim;turtle2go;Seoul, Korea
Georgios Paralykidis;BrainArchitect;Stockholm, Sweden
oceanscanner;webdev312;Unknown
John Hart;autopulous;Pennsylvania
Unknown;fernantho;Unknown
Emanuil Mihaylov;emanuiler;Bulgaria
Sixte de Maupeou;sixtedemaupeou;London
Panoplos;Panoplos;Unknown
Robin Ebers;devboxr;://digital/nomad
Jeremiah Tucker;thepunctuatedhorizon;Baltimore, MD
Kyle Langworthy;w0rthyw0rks;NYC
Dimos Botsaris;eldimious;Thessaloniki-Greece
Alvin Xu;alvinzxu;Toronto, ON
Chad Bennett;chadbennett;Utah
Frantic Web;frantic-web;Athens, Greece
Aleksey Stukarchuk;liketux;Saint-Petersburg
Project Districts;BlockchainTechLLC;UAE
Saturnrem Android;Briechenstein12;dragonchain dragonchain
Unknown;blockchain101;Unknown
Quartz;QuartzBlockchain;Unknown
Unknown;Blockchainpartner;Unknown
Lab;BlockchainLabEOS;Dorohozhytska St, 1, Kyiv, 02000
Policy;blockchainpolicy;Unknown
DATA;BlockchainDATA;Sunnyvale, CA
Technology Malaysia;BlockchainTechnologyMalaysia;Unknown
WangMingming;Vivid-Wang;Beijing
Unknown;ScottWorks;USA
sunnypickle;yusun;Unknown
John Chang;JohnChangUK;Unknown
John Kozan;johnkozan;Regina, SK, Canada
Jake Tarnow;jaketarnow;San Francisco, CA
Georgios Konstantopoulos;gakonst;Thessaloniki, Greece
Anibal;anaibol;Everywhere (remote)
Simon Stone;sstone1;Southampton, UK
Devon Wesley;devonwesley;Oakland, CA
Ava Howell;avahowell;San Francisco
Zealic;zealic;Unknown
Alexander Schmidt;Bloggerschmidt;Frankfurt, Germany
C.A.Lee;calee0219;Taiwan
Rachel Ralston;rachel-ftw;Oakland, CA
KK Chen;bichenkk;Hong Kong
Grégory Saive;evias;Belgium
Frederic Fortier;fredfortier;United States
Jose Luis Estevez;jestevez;Caracas - Venezuela
Irvin Steve Cardenas;kPatch;Unknown
Originate;originated;Los Angeles
Abderraouf Adjal;abderraouf-adjal;Algeria
Daniel;interrogator;Vienna, Austria
Kimi Sian-Yu Chen;kimisan;Taipei
Mackenzie Craig;tehp;Vancouver, Canada
Peili Liang;liangpeili;Beijing
Vít Stanislav;slaweet;Berlin, Germany
Jamil;jamilbk;San Francisco, CA
John Kuo;johnhckuo;Taiwan
Melissa Schwartz;melissjs;Los Angeles
Clément Lesaege;clesaege;Unknown
Andrey Andreev;andyceo;Moscow
Blockchains;Blockchains;London
Maxi Dev;maxidev;Argentina
Carlos Buendía;buendiadas;Madrid
Mohammad Bilal;furusiyya;Islamabad, Pakistan
Pieterjan Vanhoof;dev0tion;Belgium
Georgi Georgiev;traviagio;London, UK
Thomas Vanderstraeten;thomasvds;Brussels, Belgium
Alok Rajiv;alokrajiv;SEA (prev. MENA, South Asia)
Sethu Iyer;sethuiyer;Unknown
Dmytro Zarezenko;dzarezenko;Vinnitsa, Ukraine
Bernhard Wenzel;BernhardWenzel;London, UK
Matthias Tarasiewicz;parasew;Vienna, Austria
WhiteNoise;davidqw;Beijing
Jorge Mendoza;jorgevmendoza;caracas, venezuela
Shanthakumar;5hanth;Remote
Slavoljub Popovic;slavo7;Miami
Unknown;lafenicecc;Unknown
Steve Degosserie;stiiifff;Belgium
Danny Ryan;djrtwo;New Orleans
BlockCDN;Blockcdnteam;HONGKONG
Shuichi Nagao;ngo275;Tokyo
gina contrino;ginacontrino;Berlin
Zubair Ahmed;zubairnahmed;Oakland, California.
Matthias Klees;szenekonzept;Bochum, Germany
Aron van Ammers;AronVanAmmers;Amsterdam
Andrey Zolin;Hirama;Innopolis
Josh Richardson;josh-richardson;London
Jackie Meng;mengjiaqi;Beijing, China
Leandro Reinaux;leoreinaux;Recife, PE, BR
Unknown;adshao;Unknown
Destry Saul;destrys;Tucson, AZ
Neil Schultz-Cox;NeilTCox;Newport Beach, CA
Unknown;marcpre;Vienna
Unknown;konez2k;Unknown
Grégoire Jeanmart;gjeanmart;London
World Mobile Coin;WorldMobileCoin;Unknown
Anuj Upadhyay;anuj97;Jabalpur, India
Djordje Mijatović;djm-im;Belgrade, Serbia
Li Linyu;proper;London, UK
Mankirat Singh;manki11;New Delhi
Iulian Rotaru;mortimr;France
Hiroshi Shimo;hshimo;Tokyo, Japan
Kyle Aquino;kyleaquino;Bacood, Sta. Mesa, Manila, Metro Manila
Juanjo Chust;Nytyr;Spain
Fringer;arjunmsh;Gurgaon
Shohei Ohsawa;Ohsaworks;Bunkyo, Tokyo
Robert-Reinder Nederhoed;nederhoed;The Hague, NL
IndrajitSinh Rayjada;indrajitsinh;Gandhinagar India
Armen Juhl;armenjuhl;Portland, OR
Abdul Wahab;wahabjawed;Karachi, Pakistan
JSChain;jschain;Unknown
Jim Anastassiou;snowy13;Montreal
Artem Rukavytsia;arukavytsia;Ukraine, Kharkiv
Jonas Snellinckx;Superjo149;Unknown
Elmer Morales;elmerm;Irvine, CA
Steve Floyd;stevefloyd;Dallas, TX
Lorne Lantz;Lornestar;Unknown
Gueorgui AGAPOV;7s4r;Paris, France
TEMPO MONEY TRANSFER;tempofr;Paris
ARTAX;Artax-Project;Unknown
Unknown;MikeD123;San Francisco, California
Ronak Rathi;ronakrms;Gurgaon, Haryana
Sergi Fernandez;foxtrading;Unknown
Griffin Anderson;andergri;Unknown
PDX;PDXbaap;San Jose, CA U.S.A. & Beijing, China
Abjcoin;abjcoinblockchain;Nigeria
Chanlone;shadowkael;Shang Hai .P.R.China
Chris BlockZombie;blockzombie;Australia
Ludim Chávez Estévez;Do0k13;Tampico Mx
Kadek Sudiartha;sudiarth;Denpasar, Bali
SunZhiming;haiheipijuan;Beijing
Unknown;giou-k;Europe, Earth
Naruby Riverlione;NarubyRiverlione;Belgium
Ben Park;BumwooPark;yong-in/korea
Kannan Ravindran;Kannanravindran;Phoenix, Arizona
Claudiu Tanasescu;tclauss;Santander
Zalak Shah;zalak13;Boston
Unknown;theobat;France, Marseille
Andreas Bogner;UnSciPreneur;Munich
Vishal Sharma;vs9390;Unknown
Ricardo Di Zio;ricdizio;Caracas - Venezuela
Jitendra Chittoda;jchittoda;Unknown
futureweb;StarNeit;Unknown
Jai Nanavati;nanajai;Unknown
Tao Wan;sikamedia;Stockholm
Sarthak Tripathi;Vehemos;India
Unknown;laisee;Singapore
Anthony Law;AnthonyLaw;Malaysia
Mike Gnanakone;LAMike310;Los Angeles
Sam Stone;samuel-stone;San Francisco
Verasity;verasitytech;Unknown
CP;iamsupercp;Unknown
Hasan Özaynaci;Ozaynaci;Netherlands
Federico Franzoni;frz-dev;Unknown
